[
{
  "model": "service_development.voicelabel",
  "pk": 1,
  "fields": {
    "name": "Dutch language",
    "description": "Nederlandse taal"
  }
},
{
  "model": "service_development.voicelabel",
  "pk": 2,
  "fields": {
    "name": "General error message",
    "description": ""
  }
},
{
  "model": "service_development.voicelabel",
  "pk": 3,
  "fields": {
    "name": "This is the truth",
    "description": ""
  }
},
{
  "model": "service_development.voicelabel",
  "pk": 4,
  "fields": {
    "name": "English language",
    "description": ""
  }
},
{
  "model": "service_development.voicelabel",
  "pk": 5,
  "fields": {
    "name": "Thank you for using this service",
    "description": ""
  }
},
{
  "model": "service_development.voicelabel",
  "pk": 6,
  "fields": {
    "name": "Wow, it must be a really boring guy!",
    "description": ""
  }
},
{
  "model": "service_development.voicelabel",
  "pk": 7,
  "fields": {
    "name": "French language",
    "description": ""
  }
},
{
  "model": "service_development.voicelabel",
  "pk": 8,
  "fields": {
    "name": "Please select your language",
    "description": ""
  }
},
{
  "model": "service_development.voicelabel",
  "pk": 9,
  "fields": {
    "name": "Pre Choice Option",
    "description": ""
  }
},
{
  "model": "service_development.voicelabel",
  "pk": 10,
  "fields": {
    "name": "Post Choice Option",
    "description": ""
  }
},
{
  "model": "service_development.voicelabel",
  "pk": 11,
  "fields": {
    "name": "One",
    "description": ""
  }
},
{
  "model": "service_development.voicelabel",
  "pk": 12,
  "fields": {
    "name": "Two",
    "description": ""
  }
},
{
  "model": "service_development.voicelabel",
  "pk": 13,
  "fields": {
    "name": "Three",
    "description": ""
  }
},
{
  "model": "service_development.voicelabel",
  "pk": 14,
  "fields": {
    "name": "Four",
    "description": ""
  }
},
{
  "model": "service_development.voicelabel",
  "pk": 15,
  "fields": {
    "name": "Five",
    "description": ""
  }
},
{
  "model": "service_development.voicelabel",
  "pk": 16,
  "fields": {
    "name": "Six",
    "description": ""
  }
},
{
  "model": "service_development.voicelabel",
  "pk": 17,
  "fields": {
    "name": "Seven",
    "description": ""
  }
},
{
  "model": "service_development.voicelabel",
  "pk": 18,
  "fields": {
    "name": "Eight",
    "description": ""
  }
},
{
  "model": "service_development.voicelabel",
  "pk": 19,
  "fields": {
    "name": "Nine",
    "description": ""
  }
},
{
  "model": "service_development.voicelabel",
  "pk": 20,
  "fields": {
    "name": "Zero",
    "description": ""
  }
},
{
  "model": "service_development.voicelabel",
  "pk": 21,
  "fields": {
    "name": "Yes",
    "description": ""
  }
},
{
  "model": "service_development.voicelabel",
  "pk": 22,
  "fields": {
    "name": "No",
    "description": ""
  }
},
{
  "model": "service_development.voicelabel",
  "pk": 23,
  "fields": {
    "name": "Does the king like to drink beer?",
    "description": ""
  }
},
{
  "model": "service_development.voicelabel",
  "pk": 25,
  "fields": {
    "name": "Please speak your message",
    "description": ""
  }
},
{
  "model": "service_development.voicelabel",
  "pk": 26,
  "fields": {
    "name": "Pre-select region",
    "description": null
  }
},
{
  "model": "service_development.voicelabel",
  "pk": 27,
  "fields": {
    "name": "Region: Gao",
    "description": null
  }
},
{
  "model": "service_development.voicelabel",
  "pk": 28,
  "fields": {
    "name": "Region: Kidal",
    "description": null
  }
},
{
  "model": "service_development.voicelabel",
  "pk": 29,
  "fields": {
    "name": "Region: Kayes",
    "description": null
  }
},
{
  "model": "service_development.voicelabel",
  "pk": 30,
  "fields": {
    "name": "Region: Koulikoro",
    "description": null
  }
},
{
  "model": "service_development.voicelabel",
  "pk": 31,
  "fields": {
    "name": "Pre-select city",
    "description": null
  }
},
{
  "model": "service_development.voicelabel",
  "pk": 32,
  "fields": {
    "name": "City: Gao",
    "description": null
  }
},
{
  "model": "service_development.voicelabel",
  "pk": 33,
  "fields": {
    "name": "City: Bamba",
    "description": null
  }
},
{
  "model": "service_development.voicelabel",
  "pk": 34,
  "fields": {
    "name": "City: Kayes",
    "description": null
  }
},
{
  "model": "service_development.voicelabel",
  "pk": 35,
  "fields": {
    "name": "City: Kita",
    "description": null
  }
},
{
  "model": "service_development.voicelabel",
  "pk": 36,
  "fields": {
    "name": "City: Koulikoro",
    "description": null
  }
},
{
  "model": "service_development.voicelabel",
  "pk": 37,
  "fields": {
    "name": "City: Kati",
    "description": null
  }
},
{
  "model": "service_development.voicelabel",
  "pk": 38,
  "fields": {
    "name": "City: Kidal",
    "description": null
  }
},
{
  "model": "service_development.voicelabel",
  "pk": 39,
  "fields": {
    "name": "City: Tessalit",
    "description": null
  }
},
{
  "model": "service_development.voicelabel",
  "pk": 40,
  "fields": {
    "name": "Pre-select weather topic",
    "description": null
  }
},
{
  "model": "service_development.voicelabel",
  "pk": 41,
  "fields": {
    "name": "Previous rainfall",
    "description": null
  }
},
{
  "model": "service_development.voicelabel",
  "pk": 42,
  "fields": {
    "name": "Coming rainfall",
    "description": null
  }
},
{
  "model": "service_development.voicelabel",
  "pk": 43,
  "fields": {
    "name": "Sun intensity",
    "description": null
  }
},
{
  "model": "service_development.voicelabel",
  "pk": 44,
  "fields": {
    "name": "Wind strength",
    "description": null
  }
},
{
  "model": "service_development.voicelabel",
  "pk": 45,
  "fields": {
    "name": "Other region",
    "description": null
  }
},
{
  "model": "service_development.voicelabel",
  "pk": 46,
  "fields": {
    "name": "End call",
    "description": null
  }
},
{
  "model": "service_development.voicelabel",
  "pk": 47,
  "fields": {
    "name": "Prev_Rain_A",
    "description": "Two examples: this is example A"
  }
},
{
  "model": "service_development.voicelabel",
  "pk": 48,
  "fields": {
    "name": "Com_Rain_A",
    "description": "Two examples: this is example A"
  }
},
{
  "model": "service_development.voicelabel",
  "pk": 49,
  "fields": {
    "name": "Sun_A",
    "description": "Two examples: this is example A"
  }
},
{
  "model": "service_development.voicelabel",
  "pk": 50,
  "fields": {
    "name": "Wind Strength_A",
    "description": "Two examples: this is example A"
  }
},
{
  "model": "service_development.voicelabel",
  "pk": 51,
  "fields": {
    "name": "Prev_Rain_B",
    "description": "Two examples: this is example B"
  }
},
{
  "model": "service_development.voicelabel",
  "pk": 52,
  "fields": {
    "name": "Com_Rain_B",
    "description": "Two examples: this is example B"
  }
},
{
  "model": "service_development.voicelabel",
  "pk": 53,
  "fields": {
    "name": "Sun_B",
    "description": "Two examples: this is example B"
  }
},
{
  "model": "service_development.voicelabel",
  "pk": 54,
  "fields": {
    "name": "Wind Strength_B",
    "description": "Two examples: this is example B"
  }
},
{
  "model": "service_development.voicelabel",
  "pk": 55,
  "fields": {
    "name": "Goodbye",
    "description": null
  }
},
{
  "model": "service_development.language",
  "pk": 1,
  "fields": {
    "name": "Nederlands",
    "code": "nl",
    "voice_label": 1,
    "error_message": 2,
    "select_language": 8,
    "pre_choice_option": 9,
    "post_choice_option": 10,
    "one": 11,
    "two": 12,
    "three": 13,
    "four": 14,
    "five": 15,
    "six": 16,
    "seven": 17,
    "eight": 18,
    "nine": 19,
    "zero": 20
  }
},
{
  "model": "service_development.language",
  "pk": 2,
  "fields": {
    "name": "English",
    "code": "en",
    "voice_label": 4,
    "error_message": 2,
    "select_language": 8,
    "pre_choice_option": 9,
    "post_choice_option": 10,
    "one": 11,
    "two": 12,
    "three": 13,
    "four": 14,
    "five": 15,
    "six": 16,
    "seven": 17,
    "eight": 18,
    "nine": 19,
    "zero": 20
  }
},
{
  "model": "service_development.language",
  "pk": 3,
  "fields": {
    "name": "Francais",
    "code": "fr",
    "voice_label": 7,
    "error_message": 2,
    "select_language": 8,
    "pre_choice_option": 9,
    "post_choice_option": 10,
    "one": 11,
    "two": 12,
    "three": 13,
    "four": 14,
    "five": 15,
    "six": 16,
    "seven": 17,
    "eight": 18,
    "nine": 19,
    "zero": 20
  }
},
{
  "model": "service_development.voicefragment",
  "pk": 1,
  "fields": {
    "parent": 6,
    "language": 2,
    "audio": "boring_guy_en.wav"
  }
},
{
  "model": "service_development.voicefragment",
  "pk": 2,
  "fields": {
    "parent": 6,
    "language": 1,
    "audio": "boring_guy_nl.wav"
  }
},
{
  "model": "service_development.voicefragment",
  "pk": 6,
  "fields": {
    "parent": 22,
    "language": 1,
    "audio": "no_nl.wav"
  }
},
{
  "model": "service_development.voicefragment",
  "pk": 7,
  "fields": {
    "parent": 22,
    "language": 2,
    "audio": "no_en.wav"
  }
},
{
  "model": "service_development.voicefragment",
  "pk": 8,
  "fields": {
    "parent": 22,
    "language": 3,
    "audio": "no_fr.wav"
  }
},
{
  "model": "service_development.voicefragment",
  "pk": 9,
  "fields": {
    "parent": 21,
    "language": 1,
    "audio": "yes_nl.wav"
  }
},
{
  "model": "service_development.voicefragment",
  "pk": 10,
  "fields": {
    "parent": 21,
    "language": 2,
    "audio": "yes_en.wav"
  }
},
{
  "model": "service_development.voicefragment",
  "pk": 11,
  "fields": {
    "parent": 21,
    "language": 3,
    "audio": "yes_fr.wav"
  }
},
{
  "model": "service_development.voicefragment",
  "pk": 12,
  "fields": {
    "parent": 20,
    "language": 1,
    "audio": "0_nl.wav"
  }
},
{
  "model": "service_development.voicefragment",
  "pk": 13,
  "fields": {
    "parent": 20,
    "language": 2,
    "audio": "0_en.wav"
  }
},
{
  "model": "service_development.voicefragment",
  "pk": 14,
  "fields": {
    "parent": 20,
    "language": 3,
    "audio": "0_fr.wav"
  }
},
{
  "model": "service_development.voicefragment",
  "pk": 15,
  "fields": {
    "parent": 19,
    "language": 1,
    "audio": "9_nl.wav"
  }
},
{
  "model": "service_development.voicefragment",
  "pk": 16,
  "fields": {
    "parent": 19,
    "language": 2,
    "audio": "9_en.wav"
  }
},
{
  "model": "service_development.voicefragment",
  "pk": 17,
  "fields": {
    "parent": 19,
    "language": 3,
    "audio": "9_fr.wav"
  }
},
{
  "model": "service_development.voicefragment",
  "pk": 18,
  "fields": {
    "parent": 18,
    "language": 1,
    "audio": "8_nl.wav"
  }
},
{
  "model": "service_development.voicefragment",
  "pk": 19,
  "fields": {
    "parent": 18,
    "language": 2,
    "audio": "8_en.wav"
  }
},
{
  "model": "service_development.voicefragment",
  "pk": 20,
  "fields": {
    "parent": 18,
    "language": 3,
    "audio": "8_fr.wav"
  }
},
{
  "model": "service_development.voicefragment",
  "pk": 21,
  "fields": {
    "parent": 17,
    "language": 1,
    "audio": "7_nl.wav"
  }
},
{
  "model": "service_development.voicefragment",
  "pk": 22,
  "fields": {
    "parent": 17,
    "language": 2,
    "audio": "7_en.wav"
  }
},
{
  "model": "service_development.voicefragment",
  "pk": 23,
  "fields": {
    "parent": 17,
    "language": 3,
    "audio": "7_fr.wav"
  }
},
{
  "model": "service_development.voicefragment",
  "pk": 24,
  "fields": {
    "parent": 16,
    "language": 1,
    "audio": "6_nl.wav"
  }
},
{
  "model": "service_development.voicefragment",
  "pk": 25,
  "fields": {
    "parent": 16,
    "language": 2,
    "audio": "6_en.wav"
  }
},
{
  "model": "service_development.voicefragment",
  "pk": 26,
  "fields": {
    "parent": 16,
    "language": 3,
    "audio": "6_fr.wav"
  }
},
{
  "model": "service_development.voicefragment",
  "pk": 27,
  "fields": {
    "parent": 15,
    "language": 1,
    "audio": "5_nl.wav"
  }
},
{
  "model": "service_development.voicefragment",
  "pk": 28,
  "fields": {
    "parent": 15,
    "language": 2,
    "audio": "5_en.wav"
  }
},
{
  "model": "service_development.voicefragment",
  "pk": 29,
  "fields": {
    "parent": 15,
    "language": 3,
    "audio": "5_fr.wav"
  }
},
{
  "model": "service_development.voicefragment",
  "pk": 30,
  "fields": {
    "parent": 14,
    "language": 1,
    "audio": "4_nl.wav"
  }
},
{
  "model": "service_development.voicefragment",
  "pk": 31,
  "fields": {
    "parent": 14,
    "language": 3,
    "audio": "4_fr.wav"
  }
},
{
  "model": "service_development.voicefragment",
  "pk": 32,
  "fields": {
    "parent": 14,
    "language": 2,
    "audio": "4_en.wav"
  }
},
{
  "model": "service_development.voicefragment",
  "pk": 33,
  "fields": {
    "parent": 13,
    "language": 1,
    "audio": "3_nl.wav"
  }
},
{
  "model": "service_development.voicefragment",
  "pk": 34,
  "fields": {
    "parent": 13,
    "language": 2,
    "audio": "3_en.wav"
  }
},
{
  "model": "service_development.voicefragment",
  "pk": 35,
  "fields": {
    "parent": 13,
    "language": 3,
    "audio": "3_fr.wav"
  }
},
{
  "model": "service_development.voicefragment",
  "pk": 36,
  "fields": {
    "parent": 12,
    "language": 1,
    "audio": "2_nl.wav"
  }
},
{
  "model": "service_development.voicefragment",
  "pk": 37,
  "fields": {
    "parent": 12,
    "language": 2,
    "audio": "2_en.wav"
  }
},
{
  "model": "service_development.voicefragment",
  "pk": 38,
  "fields": {
    "parent": 12,
    "language": 3,
    "audio": "2_fr.wav"
  }
},
{
  "model": "service_development.voicefragment",
  "pk": 39,
  "fields": {
    "parent": 11,
    "language": 1,
    "audio": "1_nl.wav"
  }
},
{
  "model": "service_development.voicefragment",
  "pk": 40,
  "fields": {
    "parent": 11,
    "language": 2,
    "audio": "1_en.wav"
  }
},
{
  "model": "service_development.voicefragment",
  "pk": 41,
  "fields": {
    "parent": 11,
    "language": 3,
    "audio": "1_fr.wav"
  }
},
{
  "model": "service_development.voicefragment",
  "pk": 42,
  "fields": {
    "parent": 10,
    "language": 1,
    "audio": "post_choice_option_nl.wav"
  }
},
{
  "model": "service_development.voicefragment",
  "pk": 43,
  "fields": {
    "parent": 10,
    "language": 2,
    "audio": "post_choice_option_en.wav"
  }
},
{
  "model": "service_development.voicefragment",
  "pk": 44,
  "fields": {
    "parent": 10,
    "language": 3,
    "audio": "post_choice_option_fr.wav"
  }
},
{
  "model": "service_development.voicefragment",
  "pk": 45,
  "fields": {
    "parent": 9,
    "language": 1,
    "audio": "pre_choice_option_nl.wav"
  }
},
{
  "model": "service_development.voicefragment",
  "pk": 46,
  "fields": {
    "parent": 9,
    "language": 2,
    "audio": "pre_choice_option_en.wav"
  }
},
{
  "model": "service_development.voicefragment",
  "pk": 47,
  "fields": {
    "parent": 9,
    "language": 3,
    "audio": "pre_choice_option_fr.wav"
  }
},
{
  "model": "service_development.voicefragment",
  "pk": 48,
  "fields": {
    "parent": 8,
    "language": 1,
    "audio": "select_language_nl.wav"
  }
},
{
  "model": "service_development.voicefragment",
  "pk": 49,
  "fields": {
    "parent": 8,
    "language": 2,
    "audio": "select_language_en.wav"
  }
},
{
  "model": "service_development.voicefragment",
  "pk": 50,
  "fields": {
    "parent": 8,
    "language": 3,
    "audio": "select_language_fr.wav"
  }
},
{
  "model": "service_development.voicefragment",
  "pk": 51,
  "fields": {
    "parent": 7,
    "language": 1,
    "audio": "french_nl.wav"
  }
},
{
  "model": "service_development.voicefragment",
  "pk": 52,
  "fields": {
    "parent": 7,
    "language": 2,
    "audio": "french_en.wav"
  }
},
{
  "model": "service_development.voicefragment",
  "pk": 53,
  "fields": {
    "parent": 7,
    "language": 3,
    "audio": "french_fr.wav"
  }
},
{
  "model": "service_development.voicefragment",
  "pk": 54,
  "fields": {
    "parent": 6,
    "language": 3,
    "audio": "boring_guy_fr.wav"
  }
},
{
  "model": "service_development.voicefragment",
  "pk": 55,
  "fields": {
    "parent": 5,
    "language": 1,
    "audio": "thank_you_for_using_nl.wav"
  }
},
{
  "model": "service_development.voicefragment",
  "pk": 56,
  "fields": {
    "parent": 5,
    "language": 2,
    "audio": "thank_you_for_using_en.wav"
  }
},
{
  "model": "service_development.voicefragment",
  "pk": 57,
  "fields": {
    "parent": 5,
    "language": 3,
    "audio": "thank_you_for_using_fr.wav"
  }
},
{
  "model": "service_development.voicefragment",
  "pk": 58,
  "fields": {
    "parent": 4,
    "language": 1,
    "audio": "english_nl.wav"
  }
},
{
  "model": "service_development.voicefragment",
  "pk": 59,
  "fields": {
    "parent": 4,
    "language": 2,
    "audio": "english_en.wav"
  }
},
{
  "model": "service_development.voicefragment",
  "pk": 60,
  "fields": {
    "parent": 4,
    "language": 3,
    "audio": "english_fr.wav"
  }
},
{
  "model": "service_development.voicefragment",
  "pk": 61,
  "fields": {
    "parent": 3,
    "language": 1,
    "audio": "truth_nl.wav"
  }
},
{
  "model": "service_development.voicefragment",
  "pk": 62,
  "fields": {
    "parent": 3,
    "language": 2,
    "audio": "truth_en.wav"
  }
},
{
  "model": "service_development.voicefragment",
  "pk": 63,
  "fields": {
    "parent": 3,
    "language": 3,
    "audio": "truth_fr.wav"
  }
},
{
  "model": "service_development.voicefragment",
  "pk": 64,
  "fields": {
    "parent": 2,
    "language": 1,
    "audio": "error_nl.wav"
  }
},
{
  "model": "service_development.voicefragment",
  "pk": 65,
  "fields": {
    "parent": 2,
    "language": 2,
    "audio": "error_en.wav"
  }
},
{
  "model": "service_development.voicefragment",
  "pk": 66,
  "fields": {
    "parent": 2,
    "language": 3,
    "audio": "error_fr.wav"
  }
},
{
  "model": "service_development.voicefragment",
  "pk": 67,
  "fields": {
    "parent": 1,
    "language": 1,
    "audio": "dutch_nl.wav"
  }
},
{
  "model": "service_development.voicefragment",
  "pk": 68,
  "fields": {
    "parent": 1,
    "language": 2,
    "audio": "dutch_en.wav"
  }
},
{
  "model": "service_development.voicefragment",
  "pk": 69,
  "fields": {
    "parent": 1,
    "language": 3,
    "audio": "dutch_fr.wav"
  }
},
{
  "model": "service_development.voicefragment",
  "pk": 70,
  "fields": {
    "parent": 23,
    "language": 1,
    "audio": "king_question_nl.wav"
  }
},
{
  "model": "service_development.voicefragment",
  "pk": 71,
  "fields": {
    "parent": 23,
    "language": 2,
    "audio": "king_question_en.wav"
  }
},
{
  "model": "service_development.voicefragment",
  "pk": 72,
  "fields": {
    "parent": 23,
    "language": 3,
    "audio": "king_question_fr.wav"
  }
},
{
  "model": "service_development.voicefragment",
  "pk": 74,
  "fields": {
    "parent": 25,
    "language": 3,
    "audio": "speakYourMessage.wav"
  }
},
{
  "model": "service_development.voicefragment",
  "pk": 75,
  "fields": {
    "parent": 26,
    "language": 1,
    "audio": "selectregion_nl.wav"
  }
},
{
  "model": "service_development.voicefragment",
  "pk": 76,
  "fields": {
    "parent": 26,
    "language": 2,
    "audio": "selectregion_en.wav"
  }
},
{
  "model": "service_development.voicefragment",
  "pk": 77,
  "fields": {
    "parent": 27,
    "language": 1,
    "audio": "Gao.wav"
  }
},
{
  "model": "service_development.voicefragment",
  "pk": 78,
  "fields": {
    "parent": 27,
    "language": 2,
    "audio": "Gao_f6SuhTz.wav"
  }
},
{
  "model": "service_development.voicefragment",
  "pk": 79,
  "fields": {
    "parent": 28,
    "language": 1,
    "audio": "Kidal.wav"
  }
},
{
  "model": "service_development.voicefragment",
  "pk": 80,
  "fields": {
    "parent": 28,
    "language": 2,
    "audio": "Kidal_mvbePDA.wav"
  }
},
{
  "model": "service_development.voicefragment",
  "pk": 81,
  "fields": {
    "parent": 29,
    "language": 1,
    "audio": "Kidal_aaH8BAq.wav"
  }
},
{
  "model": "service_development.voicefragment",
  "pk": 82,
  "fields": {
    "parent": 29,
    "language": 2,
    "audio": "Kidal_hFjnG6W.wav"
  }
},
{
  "model": "service_development.voicefragment",
  "pk": 83,
  "fields": {
    "parent": 30,
    "language": 1,
    "audio": "Koulikoro.wav"
  }
},
{
  "model": "service_development.voicefragment",
  "pk": 84,
  "fields": {
    "parent": 30,
    "language": 2,
    "audio": "Koulikoro_LI83LLe.wav"
  }
},
{
  "model": "service_development.voicefragment",
  "pk": 85,
  "fields": {
    "parent": 31,
    "language": 1,
    "audio": "city_nl.wav"
  }
},
{
  "model": "service_development.voicefragment",
  "pk": 86,
  "fields": {
    "parent": 31,
    "language": 2,
    "audio": "city_en.wav"
  }
},
{
  "model": "service_development.voicefragment",
  "pk": 87,
  "fields": {
    "parent": 32,
    "language": 1,
    "audio": "Gao_vyOQURL.wav"
  }
},
{
  "model": "service_development.voicefragment",
  "pk": 88,
  "fields": {
    "parent": 32,
    "language": 2,
    "audio": "Gao_4TrEQjq.wav"
  }
},
{
  "model": "service_development.voicefragment",
  "pk": 89,
  "fields": {
    "parent": 33,
    "language": 1,
    "audio": "Bamba.wav"
  }
},
{
  "model": "service_development.voicefragment",
  "pk": 90,
  "fields": {
    "parent": 33,
    "language": 2,
    "audio": "Bamba_uDKGPKE.wav"
  }
},
{
  "model": "service_development.voicefragment",
  "pk": 91,
  "fields": {
    "parent": 34,
    "language": 1,
    "audio": "Kayes.wav"
  }
},
{
  "model": "service_development.voicefragment",
  "pk": 92,
  "fields": {
    "parent": 34,
    "language": 2,
    "audio": "Kayes_oYDmfuA.wav"
  }
},
{
  "model": "service_development.voicefragment",
  "pk": 93,
  "fields": {
    "parent": 35,
    "language": 1,
    "audio": "Kita.wav"
  }
},
{
  "model": "service_development.voicefragment",
  "pk": 94,
  "fields": {
    "parent": 35,
    "language": 2,
    "audio": "Kita_IzgFIKR.wav"
  }
},
{
  "model": "service_development.voicefragment",
  "pk": 95,
  "fields": {
    "parent": 36,
    "language": 1,
    "audio": "Koulikoro_e41D97A.wav"
  }
},
{
  "model": "service_development.voicefragment",
  "pk": 96,
  "fields": {
    "parent": 36,
    "language": 2,
    "audio": "Koulikoro_qD8A7OH.wav"
  }
},
{
  "model": "service_development.voicefragment",
  "pk": 97,
  "fields": {
    "parent": 37,
    "language": 1,
    "audio": "Kati.wav"
  }
},
{
  "model": "service_development.voicefragment",
  "pk": 98,
  "fields": {
    "parent": 37,
    "language": 2,
    "audio": "Kati_GGflydx.wav"
  }
},
{
  "model": "service_development.voicefragment",
  "pk": 99,
  "fields": {
    "parent": 38,
    "language": 1,
    "audio": "Kidal_yGzbM9i.wav"
  }
},
{
  "model": "service_development.voicefragment",
  "pk": 100,
  "fields": {
    "parent": 38,
    "language": 2,
    "audio": "Kidal_IH8c0I2.wav"
  }
},
{
  "model": "service_development.voicefragment",
  "pk": 101,
  "fields": {
    "parent": 39,
    "language": 1,
    "audio": "Tessalit.wav"
  }
},
{
  "model": "service_development.voicefragment",
  "pk": 102,
  "fields": {
    "parent": 39,
    "language": 2,
    "audio": "Tessalit_p7ZYlme.wav"
  }
},
{
  "model": "service_development.voicefragment",
  "pk": 103,
  "fields": {
    "parent": 40,
    "language": 1,
    "audio": "chooseweather_nl.wav"
  }
},
{
  "model": "service_development.voicefragment",
  "pk": 104,
  "fields": {
    "parent": 40,
    "language": 2,
    "audio": "chooseweather_en.wav"
  }
},
{
  "model": "service_development.voicefragment",
  "pk": 105,
  "fields": {
    "parent": 41,
    "language": 1,
    "audio": "previous_rainfall_nl.wav"
  }
},
{
  "model": "service_development.voicefragment",
  "pk": 106,
  "fields": {
    "parent": 41,
    "language": 2,
    "audio": "previous_rainfall_en.wav"
  }
},
{
  "model": "service_development.voicefragment",
  "pk": 107,
  "fields": {
    "parent": 42,
    "language": 1,
    "audio": "coming_rainfall_nl.wav"
  }
},
{
  "model": "service_development.voicefragment",
  "pk": 108,
  "fields": {
    "parent": 42,
    "language": 2,
    "audio": "coming_rainfall_en.wav"
  }
},
{
  "model": "service_development.voicefragment",
  "pk": 109,
  "fields": {
    "parent": 43,
    "language": 1,
    "audio": "sun_nl.wav"
  }
},
{
  "model": "service_development.voicefragment",
  "pk": 110,
  "fields": {
    "parent": 43,
    "language": 2,
    "audio": "sun_en.wav"
  }
},
{
  "model": "service_development.voicefragment",
  "pk": 111,
  "fields": {
    "parent": 44,
    "language": 1,
    "audio": "wind_nl.wav"
  }
},
{
  "model": "service_development.voicefragment",
  "pk": 112,
  "fields": {
    "parent": 44,
    "language": 2,
    "audio": "wind_en.wav"
  }
},
{
  "model": "service_development.voicefragment",
  "pk": 113,
  "fields": {
    "parent": 45,
    "language": 1,
    "audio": "other_region_nl.wav"
  }
},
{
  "model": "service_development.voicefragment",
  "pk": 114,
  "fields": {
    "parent": 45,
    "language": 2,
    "audio": "other_region_en.wav"
  }
},
{
  "model": "service_development.voicefragment",
  "pk": 115,
  "fields": {
    "parent": 46,
    "language": 1,
    "audio": "end_call_nl.wav"
  }
},
{
  "model": "service_development.voicefragment",
  "pk": 116,
  "fields": {
    "parent": 46,
    "language": 2,
    "audio": "end_call_en.wav"
  }
},
{
  "model": "service_development.voicefragment",
  "pk": 117,
  "fields": {
    "parent": 47,
    "language": 1,
    "audio": "prev_rain_10_nl.wav"
  }
},
{
  "model": "service_development.voicefragment",
  "pk": 118,
  "fields": {
    "parent": 47,
    "language": 2,
    "audio": "prev_rain_10_en.wav"
  }
},
{
  "model": "service_development.voicefragment",
  "pk": 119,
  "fields": {
    "parent": 48,
    "language": 1,
    "audio": "com_rain_5_nl.wav"
  }
},
{
  "model": "service_development.voicefragment",
  "pk": 120,
  "fields": {
    "parent": 48,
    "language": 2,
    "audio": "com_rain_5_en.wav"
  }
},
{
  "model": "service_development.voicefragment",
  "pk": 121,
  "fields": {
    "parent": 49,
    "language": 1,
    "audio": "sun_6_nl.wav"
  }
},
{
  "model": "service_development.voicefragment",
  "pk": 122,
  "fields": {
    "parent": 49,
    "language": 2,
    "audio": "sun_6_en.wav"
  }
},
{
  "model": "service_development.voicefragment",
  "pk": 123,
  "fields": {
    "parent": 50,
    "language": 1,
    "audio": "wind_1_nl.wav"
  }
},
{
  "model": "service_development.voicefragment",
  "pk": 124,
  "fields": {
    "parent": 50,
    "language": 2,
    "audio": "wind_1_en.wav"
  }
},
{
  "model": "service_development.voicefragment",
  "pk": 125,
  "fields": {
    "parent": 51,
    "language": 1,
    "audio": "prevrain5_nl.wav"
  }
},
{
  "model": "service_development.voicefragment",
  "pk": 126,
  "fields": {
    "parent": 51,
    "language": 2,
    "audio": "prevrain5_en.wav"
  }
},
{
  "model": "service_development.voicefragment",
  "pk": 127,
  "fields": {
    "parent": 52,
    "language": 1,
    "audio": "comrain_10_nl.wav"
  }
},
{
  "model": "service_development.voicefragment",
  "pk": 128,
  "fields": {
    "parent": 52,
    "language": 2,
    "audio": "comrain10_en.wav"
  }
},
{
  "model": "service_development.voicefragment",
  "pk": 129,
  "fields": {
    "parent": 53,
    "language": 1,
    "audio": "sun_4_nl.wav"
  }
},
{
  "model": "service_development.voicefragment",
  "pk": 130,
  "fields": {
    "parent": 53,
    "language": 2,
    "audio": "sun_4_en.wav"
  }
},
{
  "model": "service_development.voicefragment",
  "pk": 131,
  "fields": {
    "parent": 54,
    "language": 1,
    "audio": "wind_2_nl.wav"
  }
},
{
  "model": "service_development.voicefragment",
  "pk": 132,
  "fields": {
    "parent": 54,
    "language": 2,
    "audio": "wind_2_en.wav"
  }
},
{
  "model": "service_development.voicefragment",
  "pk": 133,
  "fields": {
    "parent": 55,
    "language": 1,
    "audio": "thanks_nl.wav"
  }
},
{
  "model": "service_development.voicefragment",
  "pk": 134,
  "fields": {
    "parent": 55,
    "language": 2,
    "audio": "thanks_en.wav"
  }
},
{
  "model": "service_development.voicefragment",
  "pk": 135,
  "fields": {
    "parent": 27,
    "language": 3,
    "audio": "Gao_7rSG6C5.wav"
  }
},
{
  "model": "service_development.voiceservicesubelement",
  "pk": 2,
  "fields": {
    "service": 1,
    "creation_date": "2017-04-23T19:30:23.792Z",
    "modification_date": "2018-02-16T16:42:26.402Z",
    "name": "Does the king like to drink beer?",
    "description": "",
    "voice_label": 23
  }
},
{
  "model": "service_development.voiceservicesubelement",
  "pk": 3,
  "fields": {
    "service": 1,
    "creation_date": "2017-04-23T19:32:07.853Z",
    "modification_date": "2018-01-25T14:35:48.977Z",
    "name": "Yes",
    "description": "King <3's BEER",
    "voice_label": 21
  }
},
{
  "model": "service_development.voiceservicesubelement",
  "pk": 4,
  "fields": {
    "service": 1,
    "creation_date": "2017-04-23T19:32:07.854Z",
    "modification_date": "2018-02-16T16:42:26.405Z",
    "name": "No",
    "description": "",
    "voice_label": 22
  }
},
{
  "model": "service_development.voiceservicesubelement",
  "pk": 5,
  "fields": {
    "service": 1,
    "creation_date": "2017-04-23T19:49:50.055Z",
    "modification_date": "2018-02-16T16:42:51.484Z",
    "name": "This is the truth",
    "description": "",
    "voice_label": 3
  }
},
{
  "model": "service_development.voiceservicesubelement",
  "pk": 6,
  "fields": {
    "service": 1,
    "creation_date": "2017-04-23T21:11:06.805Z",
    "modification_date": "2017-04-23T21:33:29.853Z",
    "name": "Thank you for using this service",
    "description": "",
    "voice_label": 5
  }
},
{
  "model": "service_development.voiceservicesubelement",
  "pk": 7,
  "fields": {
    "service": 1,
    "creation_date": "2017-04-23T21:36:55.756Z",
    "modification_date": "2017-04-23T21:36:55.756Z",
    "name": "King is boring",
    "description": "",
    "voice_label": 6
  }
},
{
  "model": "service_development.voiceservicesubelement",
  "pk": 8,
  "fields": {
    "service": 2,
    "creation_date": "2020-04-25T14:13:04.120Z",
    "modification_date": "2020-04-29T07:47:56.078Z",
    "name": "Select region",
    "description": "",
    "voice_label": 26
  }
},
{
  "model": "service_development.voiceservicesubelement",
  "pk": 9,
  "fields": {
    "service": 2,
    "creation_date": "2020-04-25T14:13:04.122Z",
    "modification_date": "2020-04-25T14:35:01.900Z",
    "name": "Gao",
    "description": "Select Gao as region",
    "voice_label": 27
  }
},
{
  "model": "service_development.voiceservicesubelement",
  "pk": 10,
  "fields": {
    "service": 2,
    "creation_date": "2020-04-25T14:13:04.123Z",
    "modification_date": "2020-04-25T14:35:01.902Z",
    "name": "Kidal",
    "description": "Select Kidal as region",
    "voice_label": 28
  }
},
{
  "model": "service_development.voiceservicesubelement",
  "pk": 11,
  "fields": {
    "service": 2,
    "creation_date": "2020-04-25T14:13:04.123Z",
    "modification_date": "2020-04-25T14:35:01.904Z",
    "name": "Kayes",
    "description": "Select Kayes as region",
    "voice_label": 29
  }
},
{
  "model": "service_development.voiceservicesubelement",
  "pk": 12,
  "fields": {
    "service": 2,
    "creation_date": "2020-04-25T14:13:04.124Z",
    "modification_date": "2020-04-25T14:35:01.905Z",
    "name": "Koulikoro",
    "description": "Select Koulikoro as region",
    "voice_label": 30
  }
},
{
  "model": "service_development.voiceservicesubelement",
  "pk": 13,
  "fields": {
    "service": 2,
    "creation_date": "2020-04-25T14:17:10.262Z",
    "modification_date": "2020-04-28T14:16:32.729Z",
    "name": "Select city in region Gao",
    "description": "",
    "voice_label": 31
  }
},
{
  "model": "service_development.voiceservicesubelement",
  "pk": 14,
  "fields": {
    "service": 2,
    "creation_date": "2020-04-25T14:17:10.265Z",
    "modification_date": "2020-04-28T14:16:32.736Z",
    "name": "Gao",
    "description": "Select Gao as city",
    "voice_label": 32
  }
},
{
  "model": "service_development.voiceservicesubelement",
  "pk": 15,
  "fields": {
    "service": 2,
    "creation_date": "2020-04-25T14:17:10.267Z",
    "modification_date": "2020-04-28T14:16:32.740Z",
    "name": "Bamba",
    "description": "Select Bamba as city",
    "voice_label": 33
  }
},
{
  "model": "service_development.voiceservicesubelement",
  "pk": 16,
  "fields": {
    "service": 2,
    "creation_date": "2020-04-25T14:21:26.525Z",
    "modification_date": "2020-04-28T14:17:03.745Z",
    "name": "Select city in region: Kayes",
    "description": "",
    "voice_label": 31
  }
},
{
  "model": "service_development.voiceservicesubelement",
  "pk": 17,
  "fields": {
    "service": 2,
    "creation_date": "2020-04-25T14:21:26.528Z",
    "modification_date": "2020-04-28T14:17:03.748Z",
    "name": "Kayes",
    "description": "Select Kayes as city",
    "voice_label": 34
  }
},
{
  "model": "service_development.voiceservicesubelement",
  "pk": 18,
  "fields": {
    "service": 2,
    "creation_date": "2020-04-25T14:21:26.531Z",
    "modification_date": "2020-04-28T14:17:03.750Z",
    "name": "Kita",
    "description": "Select Kita as city",
    "voice_label": 35
  }
},
{
  "model": "service_development.voiceservicesubelement",
  "pk": 19,
  "fields": {
    "service": 2,
    "creation_date": "2020-04-25T14:28:19.101Z",
    "modification_date": "2020-04-28T14:17:25.553Z",
    "name": "Select city in region Koulikoro",
    "description": "",
    "voice_label": 31
  }
},
{
  "model": "service_development.voiceservicesubelement",
  "pk": 20,
  "fields": {
    "service": 2,
    "creation_date": "2020-04-25T14:28:19.104Z",
    "modification_date": "2020-04-28T14:17:25.557Z",
    "name": "Koulikoro",
    "description": "Select Koulikoro as city",
    "voice_label": 36
  }
},
{
  "model": "service_development.voiceservicesubelement",
  "pk": 21,
  "fields": {
    "service": 2,
    "creation_date": "2020-04-25T14:28:19.105Z",
    "modification_date": "2020-04-28T14:17:25.562Z",
    "name": "Kati",
    "description": "Select Kati as city",
    "voice_label": 37
  }
},
{
  "model": "service_development.voiceservicesubelement",
  "pk": 22,
  "fields": {
    "service": 2,
    "creation_date": "2020-04-25T14:34:27.094Z",
    "modification_date": "2020-04-28T14:17:45.576Z",
    "name": "Select city in region Kidal",
    "description": "",
    "voice_label": 31
  }
},
{
  "model": "service_development.voiceservicesubelement",
  "pk": 23,
  "fields": {
    "service": 2,
    "creation_date": "2020-04-25T14:34:27.097Z",
    "modification_date": "2020-04-28T14:17:45.579Z",
    "name": "Kidal",
    "description": "Select Kidal as city",
    "voice_label": 38
  }
},
{
  "model": "service_development.voiceservicesubelement",
  "pk": 24,
  "fields": {
    "service": 2,
    "creation_date": "2020-04-25T14:34:27.100Z",
    "modification_date": "2020-04-28T14:17:45.582Z",
    "name": "Tessalit",
    "description": "Select Tessalit as city",
    "voice_label": 39
  }
},
{
  "model": "service_development.voiceservicesubelement",
  "pk": 25,
  "fields": {
    "service": 2,
    "creation_date": "2020-04-25T14:45:13.608Z",
    "modification_date": "2020-04-28T14:20:44.522Z",
    "name": "Select weather topic in Gao",
    "description": "",
    "voice_label": 40
  }
},
{
  "model": "service_development.voiceservicesubelement",
  "pk": 26,
  "fields": {
    "service": 2,
    "creation_date": "2020-04-25T14:45:13.613Z",
    "modification_date": "2020-04-28T14:19:17.486Z",
    "name": "Previous rainfall in Gao",
    "description": "",
    "voice_label": 41
  }
},
{
  "model": "service_development.voiceservicesubelement",
  "pk": 27,
  "fields": {
    "service": 2,
    "creation_date": "2020-04-25T14:45:13.614Z",
    "modification_date": "2020-04-28T14:19:17.488Z",
    "name": "Coming rainfall in Gao",
    "description": "",
    "voice_label": 42
  }
},
{
  "model": "service_development.voiceservicesubelement",
  "pk": 28,
  "fields": {
    "service": 2,
    "creation_date": "2020-04-25T14:45:13.615Z",
    "modification_date": "2020-04-28T14:19:17.489Z",
    "name": "Sun intensity in Gao",
    "description": "",
    "voice_label": 43
  }
},
{
  "model": "service_development.voiceservicesubelement",
  "pk": 29,
  "fields": {
    "service": 2,
    "creation_date": "2020-04-25T14:45:13.616Z",
    "modification_date": "2020-04-28T14:19:17.491Z",
    "name": "Wind strength in Gao",
    "description": "",
    "voice_label": 44
  }
},
{
  "model": "service_development.voiceservicesubelement",
  "pk": 30,
  "fields": {
    "service": 2,
    "creation_date": "2020-04-25T14:45:13.617Z",
    "modification_date": "2020-04-28T14:20:44.526Z",
    "name": "Select another region",
    "description": "",
    "voice_label": 45
  }
},
{
  "model": "service_development.voiceservicesubelement",
  "pk": 31,
  "fields": {
    "service": 2,
    "creation_date": "2020-04-25T14:45:13.619Z",
    "modification_date": "2020-04-28T14:19:17.494Z",
    "name": "End call",
    "description": "",
    "voice_label": 46
  }
},
{
  "model": "service_development.voiceservicesubelement",
  "pk": 32,
  "fields": {
    "service": 2,
    "creation_date": "2020-04-25T14:47:19.254Z",
    "modification_date": "2020-04-28T14:21:18.826Z",
    "name": "Select weather topic in Kidal",
    "description": "",
    "voice_label": 40
  }
},
{
  "model": "service_development.voiceservicesubelement",
  "pk": 33,
  "fields": {
    "service": 2,
    "creation_date": "2020-04-25T14:47:19.258Z",
    "modification_date": "2020-04-28T14:21:18.835Z",
    "name": "Previous rainfall Kidal",
    "description": "",
    "voice_label": 41
  }
},
{
  "model": "service_development.voiceservicesubelement",
  "pk": 34,
  "fields": {
    "service": 2,
    "creation_date": "2020-04-25T14:47:19.259Z",
    "modification_date": "2020-04-28T14:21:18.837Z",
    "name": "Coming rainfall Kidal",
    "description": "",
    "voice_label": 42
  }
},
{
  "model": "service_development.voiceservicesubelement",
  "pk": 35,
  "fields": {
    "service": 2,
    "creation_date": "2020-04-25T14:47:19.260Z",
    "modification_date": "2020-04-28T14:21:18.838Z",
    "name": "Sun intensity Kidal",
    "description": "",
    "voice_label": 43
  }
},
{
  "model": "service_development.voiceservicesubelement",
  "pk": 36,
  "fields": {
    "service": 2,
    "creation_date": "2020-04-25T14:47:19.261Z",
    "modification_date": "2020-04-28T14:21:18.840Z",
    "name": "Wind strength Kidal",
    "description": "",
    "voice_label": 44
  }
},
{
  "model": "service_development.voiceservicesubelement",
  "pk": 37,
  "fields": {
    "service": 2,
    "creation_date": "2020-04-25T14:47:19.262Z",
    "modification_date": "2020-04-28T14:21:18.841Z",
    "name": "Select another region",
    "description": "",
    "voice_label": 45
  }
},
{
  "model": "service_development.voiceservicesubelement",
  "pk": 38,
  "fields": {
    "service": 2,
    "creation_date": "2020-04-25T14:47:19.262Z",
    "modification_date": "2020-04-28T14:21:18.846Z",
    "name": "End call",
    "description": "",
    "voice_label": 46
  }
},
{
  "model": "service_development.voiceservicesubelement",
  "pk": 39,
  "fields": {
    "service": 2,
    "creation_date": "2020-04-28T10:18:22.698Z",
    "modification_date": "2020-04-28T14:21:54.269Z",
    "name": "Select weather topic in Bamba",
    "description": "",
    "voice_label": 40
  }
},
{
  "model": "service_development.voiceservicesubelement",
  "pk": 40,
  "fields": {
    "service": 2,
    "creation_date": "2020-04-28T10:18:22.708Z",
    "modification_date": "2020-04-28T14:21:54.273Z",
    "name": "previous rainfall Bamba",
    "description": "",
    "voice_label": 41
  }
},
{
  "model": "service_development.voiceservicesubelement",
  "pk": 41,
  "fields": {
    "service": 2,
    "creation_date": "2020-04-28T10:18:22.714Z",
    "modification_date": "2020-04-28T14:21:54.274Z",
    "name": "coming rainfall Bamba",
    "description": "",
    "voice_label": 42
  }
},
{
  "model": "service_development.voiceservicesubelement",
  "pk": 42,
  "fields": {
    "service": 2,
    "creation_date": "2020-04-28T10:18:22.715Z",
    "modification_date": "2020-04-28T14:21:54.276Z",
    "name": "sun intensity Bamba",
    "description": "",
    "voice_label": 43
  }
},
{
  "model": "service_development.voiceservicesubelement",
  "pk": 43,
  "fields": {
    "service": 2,
    "creation_date": "2020-04-28T10:18:22.718Z",
    "modification_date": "2020-04-28T14:21:54.277Z",
    "name": "wind strength Bamba",
    "description": "",
    "voice_label": 44
  }
},
{
  "model": "service_development.voiceservicesubelement",
  "pk": 44,
  "fields": {
    "service": 2,
    "creation_date": "2020-04-28T10:18:22.720Z",
    "modification_date": "2020-04-28T14:21:54.279Z",
    "name": "Select other region",
    "description": "",
    "voice_label": 45
  }
},
{
  "model": "service_development.voiceservicesubelement",
  "pk": 45,
  "fields": {
    "service": 2,
    "creation_date": "2020-04-28T10:18:22.722Z",
    "modification_date": "2020-04-28T14:21:54.281Z",
    "name": "End",
    "description": "",
    "voice_label": 46
  }
},
{
  "model": "service_development.voiceservicesubelement",
  "pk": 46,
  "fields": {
    "service": 2,
    "creation_date": "2020-04-28T10:27:33.919Z",
    "modification_date": "2020-04-28T14:22:33.913Z",
    "name": "Select weather topic in Kayes",
    "description": "",
    "voice_label": 40
  }
},
{
  "model": "service_development.voiceservicesubelement",
  "pk": 47,
  "fields": {
    "service": 2,
    "creation_date": "2020-04-28T10:27:33.939Z",
    "modification_date": "2020-04-28T14:22:33.918Z",
    "name": "previous rainfall Kayes",
    "description": "",
    "voice_label": 41
  }
},
{
  "model": "service_development.voiceservicesubelement",
  "pk": 48,
  "fields": {
    "service": 2,
    "creation_date": "2020-04-28T10:27:33.941Z",
    "modification_date": "2020-04-28T14:22:33.920Z",
    "name": "coming rainfall Kayes",
    "description": "",
    "voice_label": 42
  }
},
{
  "model": "service_development.voiceservicesubelement",
  "pk": 49,
  "fields": {
    "service": 2,
    "creation_date": "2020-04-28T10:27:33.944Z",
    "modification_date": "2020-04-28T14:22:33.922Z",
    "name": "sun intensity Kayes",
    "description": "",
    "voice_label": 43
  }
},
{
  "model": "service_development.voiceservicesubelement",
  "pk": 50,
  "fields": {
    "service": 2,
    "creation_date": "2020-04-28T10:27:33.946Z",
    "modification_date": "2020-04-28T14:22:33.923Z",
    "name": "wind strength Kayes",
    "description": "",
    "voice_label": 44
  }
},
{
  "model": "service_development.voiceservicesubelement",
  "pk": 51,
  "fields": {
    "service": 2,
    "creation_date": "2020-04-28T10:27:33.947Z",
    "modification_date": "2020-04-28T14:22:33.925Z",
    "name": "Select other region",
    "description": "",
    "voice_label": 45
  }
},
{
  "model": "service_development.voiceservicesubelement",
  "pk": 52,
  "fields": {
    "service": 2,
    "creation_date": "2020-04-28T10:27:33.949Z",
    "modification_date": "2020-04-28T14:22:33.928Z",
    "name": "End call",
    "description": "",
    "voice_label": 46
  }
},
{
  "model": "service_development.voiceservicesubelement",
  "pk": 53,
  "fields": {
    "service": 2,
    "creation_date": "2020-04-28T10:28:59.707Z",
    "modification_date": "2020-04-28T14:23:04.758Z",
    "name": "Select weather topic in Kita",
    "description": "",
    "voice_label": 40
  }
},
{
  "model": "service_development.voiceservicesubelement",
  "pk": 54,
  "fields": {
    "service": 2,
    "creation_date": "2020-04-28T10:28:59.711Z",
    "modification_date": "2020-04-28T14:23:04.761Z",
    "name": "previous rainfall Kita",
    "description": "",
    "voice_label": 41
  }
},
{
  "model": "service_development.voiceservicesubelement",
  "pk": 55,
  "fields": {
    "service": 2,
    "creation_date": "2020-04-28T10:28:59.713Z",
    "modification_date": "2020-04-28T14:23:04.763Z",
    "name": "coming rainfall Kita",
    "description": "",
    "voice_label": 42
  }
},
{
  "model": "service_development.voiceservicesubelement",
  "pk": 56,
  "fields": {
    "service": 2,
    "creation_date": "2020-04-28T10:28:59.714Z",
    "modification_date": "2020-04-28T14:23:04.768Z",
    "name": "sun intensity Kita",
    "description": "",
    "voice_label": 43
  }
},
{
  "model": "service_development.voiceservicesubelement",
  "pk": 57,
  "fields": {
    "service": 2,
    "creation_date": "2020-04-28T10:28:59.715Z",
    "modification_date": "2020-04-28T14:23:04.772Z",
    "name": "wind strength Kita",
    "description": "",
    "voice_label": 44
  }
},
{
  "model": "service_development.voiceservicesubelement",
  "pk": 58,
  "fields": {
    "service": 2,
    "creation_date": "2020-04-28T10:28:59.716Z",
    "modification_date": "2020-04-28T14:23:04.774Z",
    "name": "Select other region",
    "description": "",
    "voice_label": 45
  }
},
{
  "model": "service_development.voiceservicesubelement",
  "pk": 59,
  "fields": {
    "service": 2,
    "creation_date": "2020-04-28T10:28:59.718Z",
    "modification_date": "2020-04-28T14:23:04.776Z",
    "name": "End",
    "description": "",
    "voice_label": 46
  }
},
{
  "model": "service_development.voiceservicesubelement",
  "pk": 60,
  "fields": {
    "service": 2,
    "creation_date": "2020-04-28T10:30:35.738Z",
    "modification_date": "2020-04-28T14:23:39.277Z",
    "name": "Select weather topic in Kati",
    "description": "",
    "voice_label": 40
  }
},
{
  "model": "service_development.voiceservicesubelement",
  "pk": 61,
  "fields": {
    "service": 2,
    "creation_date": "2020-04-28T10:30:35.739Z",
    "modification_date": "2020-04-28T14:23:39.283Z",
    "name": "previous rainfall Kati",
    "description": "",
    "voice_label": 41
  }
},
{
  "model": "service_development.voiceservicesubelement",
  "pk": 62,
  "fields": {
    "service": 2,
    "creation_date": "2020-04-28T10:30:35.740Z",
    "modification_date": "2020-04-28T14:23:39.287Z",
    "name": "coming rainfall Kati",
    "description": "",
    "voice_label": 42
  }
},
{
  "model": "service_development.voiceservicesubelement",
  "pk": 63,
  "fields": {
    "service": 2,
    "creation_date": "2020-04-28T10:30:35.741Z",
    "modification_date": "2020-04-28T14:23:39.291Z",
    "name": "sun intensity Kati",
    "description": "",
    "voice_label": 43
  }
},
{
  "model": "service_development.voiceservicesubelement",
  "pk": 64,
  "fields": {
    "service": 2,
    "creation_date": "2020-04-28T10:30:35.741Z",
    "modification_date": "2020-04-28T14:23:39.293Z",
    "name": "wind strength Kati",
    "description": "",
    "voice_label": 44
  }
},
{
  "model": "service_development.voiceservicesubelement",
  "pk": 65,
  "fields": {
    "service": 2,
    "creation_date": "2020-04-28T10:30:35.743Z",
    "modification_date": "2020-04-28T14:23:39.294Z",
    "name": "Select other region",
    "description": "",
    "voice_label": 45
  }
},
{
  "model": "service_development.voiceservicesubelement",
  "pk": 66,
  "fields": {
    "service": 2,
    "creation_date": "2020-04-28T10:30:35.744Z",
    "modification_date": "2020-04-28T14:23:39.296Z",
    "name": "End call",
    "description": "",
    "voice_label": 46
  }
},
{
  "model": "service_development.voiceservicesubelement",
  "pk": 67,
  "fields": {
    "service": 2,
    "creation_date": "2020-04-28T10:50:44.501Z",
    "modification_date": "2020-04-28T14:24:16.147Z",
    "name": "Select weather topic in Koulikoro",
    "description": "",
    "voice_label": 40
  }
},
{
  "model": "service_development.voiceservicesubelement",
  "pk": 68,
  "fields": {
    "service": 2,
    "creation_date": "2020-04-28T10:50:44.507Z",
    "modification_date": "2020-04-28T14:24:16.150Z",
    "name": "previous rainfall Koulikoro",
    "description": "",
    "voice_label": 41
  }
},
{
  "model": "service_development.voiceservicesubelement",
  "pk": 69,
  "fields": {
    "service": 2,
    "creation_date": "2020-04-28T10:50:44.509Z",
    "modification_date": "2020-04-28T14:24:16.151Z",
    "name": "coming rainfall Koulikoro",
    "description": "",
    "voice_label": 42
  }
},
{
  "model": "service_development.voiceservicesubelement",
  "pk": 70,
  "fields": {
    "service": 2,
    "creation_date": "2020-04-28T10:50:44.511Z",
    "modification_date": "2020-04-28T14:24:16.153Z",
    "name": "sun intensity Koulikoro",
    "description": "",
    "voice_label": 43
  }
},
{
  "model": "service_development.voiceservicesubelement",
  "pk": 71,
  "fields": {
    "service": 2,
    "creation_date": "2020-04-28T10:50:44.513Z",
    "modification_date": "2020-04-28T14:24:16.157Z",
    "name": "wind strength Koulikoro",
    "description": "",
    "voice_label": 44
  }
},
{
  "model": "service_development.voiceservicesubelement",
  "pk": 72,
  "fields": {
    "service": 2,
    "creation_date": "2020-04-28T10:50:44.514Z",
    "modification_date": "2020-04-28T14:24:16.160Z",
    "name": "Select other region",
    "description": "",
    "voice_label": 45
  }
},
{
  "model": "service_development.voiceservicesubelement",
  "pk": 73,
  "fields": {
    "service": 2,
    "creation_date": "2020-04-28T10:50:44.514Z",
    "modification_date": "2020-04-28T14:24:16.162Z",
    "name": "End call",
    "description": "",
    "voice_label": 46
  }
},
{
  "model": "service_development.voiceservicesubelement",
  "pk": 74,
  "fields": {
    "service": 2,
    "creation_date": "2020-04-28T10:52:05.391Z",
    "modification_date": "2020-04-28T14:25:06.078Z",
    "name": "Select weather topic in Tessalit",
    "description": "",
    "voice_label": 40
  }
},
{
  "model": "service_development.voiceservicesubelement",
  "pk": 75,
  "fields": {
    "service": 2,
    "creation_date": "2020-04-28T10:52:05.392Z",
    "modification_date": "2020-04-28T14:25:06.084Z",
    "name": "previous rainfall Tessalit",
    "description": "",
    "voice_label": 41
  }
},
{
  "model": "service_development.voiceservicesubelement",
  "pk": 76,
  "fields": {
    "service": 2,
    "creation_date": "2020-04-28T10:52:05.393Z",
    "modification_date": "2020-04-28T14:25:06.086Z",
    "name": "coming rainfall Tessalit",
    "description": "",
    "voice_label": 42
  }
},
{
  "model": "service_development.voiceservicesubelement",
  "pk": 77,
  "fields": {
    "service": 2,
    "creation_date": "2020-04-28T10:52:05.394Z",
    "modification_date": "2020-04-28T14:25:06.087Z",
    "name": "sun intensity Tessalit",
    "description": "",
    "voice_label": 43
  }
},
{
  "model": "service_development.voiceservicesubelement",
  "pk": 78,
  "fields": {
    "service": 2,
    "creation_date": "2020-04-28T10:52:05.395Z",
    "modification_date": "2020-04-28T14:25:06.089Z",
    "name": "wind strength Tessalit",
    "description": "",
    "voice_label": 44
  }
},
{
  "model": "service_development.voiceservicesubelement",
  "pk": 79,
  "fields": {
    "service": 2,
    "creation_date": "2020-04-28T10:52:05.396Z",
    "modification_date": "2020-04-28T14:25:06.091Z",
    "name": "Select other region",
    "description": "",
    "voice_label": 45
  }
},
{
  "model": "service_development.voiceservicesubelement",
  "pk": 80,
  "fields": {
    "service": 2,
    "creation_date": "2020-04-28T10:52:05.396Z",
    "modification_date": "2020-04-28T14:25:06.093Z",
    "name": "End call",
    "description": "",
    "voice_label": 46
  }
},
{
  "model": "service_development.voiceservicesubelement",
  "pk": 81,
  "fields": {
    "service": 2,
    "creation_date": "2020-04-28T13:51:19.548Z",
    "modification_date": "2020-04-28T13:51:19.548Z",
    "name": "City Gao: Prev_Rain",
    "description": "",
    "voice_label": 47
  }
},
{
  "model": "service_development.voiceservicesubelement",
  "pk": 82,
  "fields": {
    "service": 2,
    "creation_date": "2020-04-28T13:53:20.452Z",
    "modification_date": "2020-04-28T13:53:20.452Z",
    "name": "City Gao: Com_Rain",
    "description": "",
    "voice_label": 48
  }
},
{
  "model": "service_development.voiceservicesubelement",
  "pk": 83,
  "fields": {
    "service": 2,
    "creation_date": "2020-04-28T13:55:47.036Z",
    "modification_date": "2020-04-28T13:55:47.036Z",
    "name": "City Gao: Sun",
    "description": "",
    "voice_label": 49
  }
},
{
  "model": "service_development.voiceservicesubelement",
  "pk": 84,
  "fields": {
    "service": 2,
    "creation_date": "2020-04-28T13:56:38.119Z",
    "modification_date": "2020-04-28T13:56:38.119Z",
    "name": "City Gao: Wind",
    "description": "",
    "voice_label": 50
  }
},
{
  "model": "service_development.voiceservicesubelement",
  "pk": 85,
  "fields": {
    "service": 2,
    "creation_date": "2020-04-28T13:57:12.398Z",
    "modification_date": "2020-04-28T13:57:12.398Z",
    "name": "City Kita: Prev_Rain",
    "description": "",
    "voice_label": 47
  }
},
{
  "model": "service_development.voiceservicesubelement",
  "pk": 86,
  "fields": {
    "service": 2,
    "creation_date": "2020-04-28T13:57:40.632Z",
    "modification_date": "2020-04-28T13:57:40.632Z",
    "name": "City Kita: Com_Rain",
    "description": "",
    "voice_label": 48
  }
},
{
  "model": "service_development.voiceservicesubelement",
  "pk": 87,
  "fields": {
    "service": 2,
    "creation_date": "2020-04-28T13:58:03.606Z",
    "modification_date": "2020-04-28T13:58:03.606Z",
    "name": "City Kita: Sun",
    "description": "",
    "voice_label": 49
  }
},
{
  "model": "service_development.voiceservicesubelement",
  "pk": 88,
  "fields": {
    "service": 2,
    "creation_date": "2020-04-28T13:58:18.306Z",
    "modification_date": "2020-04-28T13:58:18.306Z",
    "name": "City Kita: Wind",
    "description": "",
    "voice_label": 50
  }
},
{
  "model": "service_development.voiceservicesubelement",
  "pk": 89,
  "fields": {
    "service": 2,
    "creation_date": "2020-04-28T13:59:05.727Z",
    "modification_date": "2020-04-28T13:59:05.727Z",
    "name": "City Kidal: Prev_Rain",
    "description": "",
    "voice_label": 47
  }
},
{
  "model": "service_development.voiceservicesubelement",
  "pk": 90,
  "fields": {
    "service": 2,
    "creation_date": "2020-04-28T13:59:22.708Z",
    "modification_date": "2020-04-28T13:59:22.708Z",
    "name": "City Kidal: Com_Rain",
    "description": "",
    "voice_label": 48
  }
},
{
  "model": "service_development.voiceservicesubelement",
  "pk": 91,
  "fields": {
    "service": 2,
    "creation_date": "2020-04-28T13:59:44.603Z",
    "modification_date": "2020-04-28T13:59:44.603Z",
    "name": "City Kidal: Sun",
    "description": "",
    "voice_label": 49
  }
},
{
  "model": "service_development.voiceservicesubelement",
  "pk": 92,
  "fields": {
    "service": 2,
    "creation_date": "2020-04-28T14:00:10.493Z",
    "modification_date": "2020-04-28T14:00:10.493Z",
    "name": "City Kidal: Wind",
    "description": "",
    "voice_label": 50
  }
},
{
  "model": "service_development.voiceservicesubelement",
  "pk": 93,
  "fields": {
    "service": 2,
    "creation_date": "2020-04-28T14:00:42.846Z",
    "modification_date": "2020-04-28T14:00:42.846Z",
    "name": "City Koulikoro: Prev_Rain",
    "description": "",
    "voice_label": 47
  }
},
{
  "model": "service_development.voiceservicesubelement",
  "pk": 94,
  "fields": {
    "service": 2,
    "creation_date": "2020-04-28T14:01:06.742Z",
    "modification_date": "2020-04-28T14:01:06.742Z",
    "name": "City Koulikoro: Com_Rain",
    "description": "",
    "voice_label": 48
  }
},
{
  "model": "service_development.voiceservicesubelement",
  "pk": 95,
  "fields": {
    "service": 2,
    "creation_date": "2020-04-28T14:01:26.935Z",
    "modification_date": "2020-04-28T14:01:26.935Z",
    "name": "City Koulikoro: Sun",
    "description": "",
    "voice_label": 49
  }
},
{
  "model": "service_development.voiceservicesubelement",
  "pk": 96,
  "fields": {
    "service": 2,
    "creation_date": "2020-04-28T14:01:41.943Z",
    "modification_date": "2020-04-28T14:01:41.944Z",
    "name": "City Koulikoro: Wind",
    "description": "",
    "voice_label": 50
  }
},
{
  "model": "service_development.voiceservicesubelement",
  "pk": 97,
  "fields": {
    "service": 2,
    "creation_date": "2020-04-28T14:05:05.160Z",
    "modification_date": "2020-04-28T14:05:05.160Z",
    "name": "City Bamba: Prev_Rain",
    "description": "",
    "voice_label": 51
  }
},
{
  "model": "service_development.voiceservicesubelement",
  "pk": 98,
  "fields": {
    "service": 2,
    "creation_date": "2020-04-28T14:05:59.841Z",
    "modification_date": "2020-04-28T14:05:59.841Z",
    "name": "City Bamba: Com_Rain",
    "description": "",
    "voice_label": 52
  }
},
{
  "model": "service_development.voiceservicesubelement",
  "pk": 99,
  "fields": {
    "service": 2,
    "creation_date": "2020-04-28T14:06:43.593Z",
    "modification_date": "2020-04-28T14:06:43.593Z",
    "name": "City Bamba: Sun",
    "description": "",
    "voice_label": 53
  }
},
{
  "model": "service_development.voiceservicesubelement",
  "pk": 100,
  "fields": {
    "service": 2,
    "creation_date": "2020-04-28T14:07:30.049Z",
    "modification_date": "2020-04-28T14:07:30.049Z",
    "name": "City Bamba: Wind",
    "description": "",
    "voice_label": 54
  }
},
{
  "model": "service_development.voiceservicesubelement",
  "pk": 101,
  "fields": {
    "service": 2,
    "creation_date": "2020-04-28T14:08:00.600Z",
    "modification_date": "2020-04-28T14:08:00.600Z",
    "name": "City Kayes: Prev_Rain",
    "description": "",
    "voice_label": 51
  }
},
{
  "model": "service_development.voiceservicesubelement",
  "pk": 102,
  "fields": {
    "service": 2,
    "creation_date": "2020-04-28T14:08:22.514Z",
    "modification_date": "2020-04-28T14:08:22.514Z",
    "name": "City Kayes: Com_Rain",
    "description": "",
    "voice_label": 52
  }
},
{
  "model": "service_development.voiceservicesubelement",
  "pk": 103,
  "fields": {
    "service": 2,
    "creation_date": "2020-04-28T14:08:40.569Z",
    "modification_date": "2020-04-28T14:08:40.569Z",
    "name": "City Kayes: Sun",
    "description": "",
    "voice_label": 53
  }
},
{
  "model": "service_development.voiceservicesubelement",
  "pk": 104,
  "fields": {
    "service": 2,
    "creation_date": "2020-04-28T14:09:05.913Z",
    "modification_date": "2020-04-28T14:09:05.913Z",
    "name": "City Kayes: Wind",
    "description": "",
    "voice_label": 54
  }
},
{
  "model": "service_development.voiceservicesubelement",
  "pk": 105,
  "fields": {
    "service": 2,
    "creation_date": "2020-04-28T14:09:34.120Z",
    "modification_date": "2020-04-28T14:09:34.120Z",
    "name": "City Tessalit: Prev_Rain",
    "description": "",
    "voice_label": 51
  }
},
{
  "model": "service_development.voiceservicesubelement",
  "pk": 106,
  "fields": {
    "service": 2,
    "creation_date": "2020-04-28T14:09:56.723Z",
    "modification_date": "2020-04-28T14:09:56.723Z",
    "name": "City Tessalit: Com_Rain",
    "description": "",
    "voice_label": 52
  }
},
{
  "model": "service_development.voiceservicesubelement",
  "pk": 107,
  "fields": {
    "service": 2,
    "creation_date": "2020-04-28T14:10:22.136Z",
    "modification_date": "2020-04-28T14:10:22.136Z",
    "name": "City Tessalit: Sun",
    "description": "",
    "voice_label": 53
  }
},
{
  "model": "service_development.voiceservicesubelement",
  "pk": 108,
  "fields": {
    "service": 2,
    "creation_date": "2020-04-28T14:10:37.860Z",
    "modification_date": "2020-04-28T14:10:37.860Z",
    "name": "City Tessalit: Wind",
    "description": "",
    "voice_label": 54
  }
},
{
  "model": "service_development.voiceservicesubelement",
  "pk": 109,
  "fields": {
    "service": 2,
    "creation_date": "2020-04-28T14:10:59.791Z",
    "modification_date": "2020-04-28T14:10:59.791Z",
    "name": "City Kati: Prev_Rain",
    "description": "",
    "voice_label": 51
  }
},
{
  "model": "service_development.voiceservicesubelement",
  "pk": 110,
  "fields": {
    "service": 2,
    "creation_date": "2020-04-28T14:11:23.530Z",
    "modification_date": "2020-04-28T14:11:23.530Z",
    "name": "City Kati: Com_Rain",
    "description": "",
    "voice_label": 52
  }
},
{
  "model": "service_development.voiceservicesubelement",
  "pk": 111,
  "fields": {
    "service": 2,
    "creation_date": "2020-04-28T14:11:40.447Z",
    "modification_date": "2020-04-28T14:11:40.447Z",
    "name": "City Kati: Sun",
    "description": "",
    "voice_label": 53
  }
},
{
  "model": "service_development.voiceservicesubelement",
  "pk": 112,
  "fields": {
    "service": 2,
    "creation_date": "2020-04-28T14:12:02.417Z",
    "modification_date": "2020-04-28T14:12:02.418Z",
    "name": "City Kati: Wind",
    "description": "",
    "voice_label": 54
  }
},
{
  "model": "service_development.voiceservicesubelement",
  "pk": 113,
  "fields": {
    "service": 2,
    "creation_date": "2020-04-28T14:13:14.235Z",
    "modification_date": "2020-04-28T14:13:14.235Z",
    "name": "End call",
    "description": "",
    "voice_label": 55
  }
},
{
  "model": "service_development.voiceserviceelement",
  "pk": 2,
  "fields": {}
},
{
  "model": "service_development.voiceserviceelement",
  "pk": 5,
  "fields": {}
},
{
  "model": "service_development.voiceserviceelement",
  "pk": 6,
  "fields": {}
},
{
  "model": "service_development.voiceserviceelement",
  "pk": 7,
  "fields": {}
},
{
  "model": "service_development.voiceserviceelement",
  "pk": 8,
  "fields": {}
},
{
  "model": "service_development.voiceserviceelement",
  "pk": 13,
  "fields": {}
},
{
  "model": "service_development.voiceserviceelement",
  "pk": 16,
  "fields": {}
},
{
  "model": "service_development.voiceserviceelement",
  "pk": 19,
  "fields": {}
},
{
  "model": "service_development.voiceserviceelement",
  "pk": 22,
  "fields": {}
},
{
  "model": "service_development.voiceserviceelement",
  "pk": 25,
  "fields": {}
},
{
  "model": "service_development.voiceserviceelement",
  "pk": 32,
  "fields": {}
},
{
  "model": "service_development.voiceserviceelement",
  "pk": 39,
  "fields": {}
},
{
  "model": "service_development.voiceserviceelement",
  "pk": 46,
  "fields": {}
},
{
  "model": "service_development.voiceserviceelement",
  "pk": 53,
  "fields": {}
},
{
  "model": "service_development.voiceserviceelement",
  "pk": 60,
  "fields": {}
},
{
  "model": "service_development.voiceserviceelement",
  "pk": 67,
  "fields": {}
},
{
  "model": "service_development.voiceserviceelement",
  "pk": 74,
  "fields": {}
},
{
  "model": "service_development.voiceserviceelement",
  "pk": 81,
  "fields": {}
},
{
  "model": "service_development.voiceserviceelement",
  "pk": 82,
  "fields": {}
},
{
  "model": "service_development.voiceserviceelement",
  "pk": 83,
  "fields": {}
},
{
  "model": "service_development.voiceserviceelement",
  "pk": 84,
  "fields": {}
},
{
  "model": "service_development.voiceserviceelement",
  "pk": 85,
  "fields": {}
},
{
  "model": "service_development.voiceserviceelement",
  "pk": 86,
  "fields": {}
},
{
  "model": "service_development.voiceserviceelement",
  "pk": 87,
  "fields": {}
},
{
  "model": "service_development.voiceserviceelement",
  "pk": 88,
  "fields": {}
},
{
  "model": "service_development.voiceserviceelement",
  "pk": 89,
  "fields": {}
},
{
  "model": "service_development.voiceserviceelement",
  "pk": 90,
  "fields": {}
},
{
  "model": "service_development.voiceserviceelement",
  "pk": 91,
  "fields": {}
},
{
  "model": "service_development.voiceserviceelement",
  "pk": 92,
  "fields": {}
},
{
  "model": "service_development.voiceserviceelement",
  "pk": 93,
  "fields": {}
},
{
  "model": "service_development.voiceserviceelement",
  "pk": 94,
  "fields": {}
},
{
  "model": "service_development.voiceserviceelement",
  "pk": 95,
  "fields": {}
},
{
  "model": "service_development.voiceserviceelement",
  "pk": 96,
  "fields": {}
},
{
  "model": "service_development.voiceserviceelement",
  "pk": 97,
  "fields": {}
},
{
  "model": "service_development.voiceserviceelement",
  "pk": 98,
  "fields": {}
},
{
  "model": "service_development.voiceserviceelement",
  "pk": 99,
  "fields": {}
},
{
  "model": "service_development.voiceserviceelement",
  "pk": 100,
  "fields": {}
},
{
  "model": "service_development.voiceserviceelement",
  "pk": 101,
  "fields": {}
},
{
  "model": "service_development.voiceserviceelement",
  "pk": 102,
  "fields": {}
},
{
  "model": "service_development.voiceserviceelement",
  "pk": 103,
  "fields": {}
},
{
  "model": "service_development.voiceserviceelement",
  "pk": 104,
  "fields": {}
},
{
  "model": "service_development.voiceserviceelement",
  "pk": 105,
  "fields": {}
},
{
  "model": "service_development.voiceserviceelement",
  "pk": 106,
  "fields": {}
},
{
  "model": "service_development.voiceserviceelement",
  "pk": 107,
  "fields": {}
},
{
  "model": "service_development.voiceserviceelement",
  "pk": 108,
  "fields": {}
},
{
  "model": "service_development.voiceserviceelement",
  "pk": 109,
  "fields": {}
},
{
  "model": "service_development.voiceserviceelement",
  "pk": 110,
  "fields": {}
},
{
  "model": "service_development.voiceserviceelement",
  "pk": 111,
  "fields": {}
},
{
  "model": "service_development.voiceserviceelement",
  "pk": 112,
  "fields": {}
},
{
  "model": "service_development.voiceserviceelement",
  "pk": 113,
  "fields": {}
},
{
  "model": "service_development.voiceservice",
  "pk": 1,
  "fields": {
    "name": "King's truth checker",
    "description": "Checks the user's knowledge about the king of the Netherlands",
    "creation_date": "2017-04-23T19:23:52.392Z",
    "modification_date": "2018-02-16T09:58:43.936Z",
    "active": false,
    "_start_element": 2,
    "registration": "preferred",
    "registration_language": true,
    "registration_name": false,
    "supported_languages": [
      1,
      2,
      3
    ]
  }
},
{
  "model": "service_development.voiceservice",
  "pk": 2,
  "fields": {
    "name": "MeteoCall",
    "description": "MeteoCall part of ICT4D Course",
    "creation_date": "2020-04-25T14:04:23.600Z",
    "modification_date": "2020-04-29T07:46:26.820Z",
    "active": true,
    "_start_element": 8,
    "registration": "preferred",
    "registration_language": true,
    "registration_name": false,
    "supported_languages": [
      1,
      2,
      3
    ]
  }
},
{
  "model": "service_development.kasadakauser",
  "pk": 1,
  "fields": {
    "caller_id": "456",
    "first_name": "Henk",
    "last_name": "Ernia",
    "creation_date": "2018-02-02T11:10:27.670Z",
    "modification_date": "2018-02-12T14:44:24.019Z",
    "language": 1,
    "service": 1
  }
},
{
  "model": "service_development.choice",
  "pk": 2,
  "fields": {}
},
{
  "model": "service_development.choice",
  "pk": 8,
  "fields": {}
},
{
  "model": "service_development.choice",
  "pk": 13,
  "fields": {}
},
{
  "model": "service_development.choice",
  "pk": 16,
  "fields": {}
},
{
  "model": "service_development.choice",
  "pk": 19,
  "fields": {}
},
{
  "model": "service_development.choice",
  "pk": 22,
  "fields": {}
},
{
  "model": "service_development.choice",
  "pk": 25,
  "fields": {}
},
{
  "model": "service_development.choice",
  "pk": 32,
  "fields": {}
},
{
  "model": "service_development.choice",
  "pk": 39,
  "fields": {}
},
{
  "model": "service_development.choice",
  "pk": 46,
  "fields": {}
},
{
  "model": "service_development.choice",
  "pk": 53,
  "fields": {}
},
{
  "model": "service_development.choice",
  "pk": 60,
  "fields": {}
},
{
  "model": "service_development.choice",
  "pk": 67,
  "fields": {}
},
{
  "model": "service_development.choice",
  "pk": 74,
  "fields": {}
},
{
  "model": "service_development.choiceoption",
  "pk": 3,
  "fields": {
    "parent": 2,
    "_redirect": 5
  }
},
{
  "model": "service_development.choiceoption",
  "pk": 4,
  "fields": {
    "parent": 2,
    "_redirect": 7
  }
},
{
  "model": "service_development.choiceoption",
  "pk": 9,
  "fields": {
    "parent": 8,
    "_redirect": 13
  }
},
{
  "model": "service_development.choiceoption",
  "pk": 10,
  "fields": {
    "parent": 8,
    "_redirect": 22
  }
},
{
  "model": "service_development.choiceoption",
  "pk": 11,
  "fields": {
    "parent": 8,
    "_redirect": 16
  }
},
{
  "model": "service_development.choiceoption",
  "pk": 12,
  "fields": {
    "parent": 8,
    "_redirect": 19
  }
},
{
  "model": "service_development.choiceoption",
  "pk": 14,
  "fields": {
    "parent": 13,
    "_redirect": 25
  }
},
{
  "model": "service_development.choiceoption",
  "pk": 15,
  "fields": {
    "parent": 13,
    "_redirect": 39
  }
},
{
  "model": "service_development.choiceoption",
  "pk": 17,
  "fields": {
    "parent": 16,
    "_redirect": 46
  }
},
{
  "model": "service_development.choiceoption",
  "pk": 18,
  "fields": {
    "parent": 16,
    "_redirect": 53
  }
},
{
  "model": "service_development.choiceoption",
  "pk": 20,
  "fields": {
    "parent": 19,
    "_redirect": 67
  }
},
{
  "model": "service_development.choiceoption",
  "pk": 21,
  "fields": {
    "parent": 19,
    "_redirect": 60
  }
},
{
  "model": "service_development.choiceoption",
  "pk": 23,
  "fields": {
    "parent": 22,
    "_redirect": 32
  }
},
{
  "model": "service_development.choiceoption",
  "pk": 24,
  "fields": {
    "parent": 22,
    "_redirect": 74
  }
},
{
  "model": "service_development.choiceoption",
  "pk": 26,
  "fields": {
    "parent": 25,
    "_redirect": 81
  }
},
{
  "model": "service_development.choiceoption",
  "pk": 27,
  "fields": {
    "parent": 25,
    "_redirect": 82
  }
},
{
  "model": "service_development.choiceoption",
  "pk": 28,
  "fields": {
    "parent": 25,
    "_redirect": 83
  }
},
{
  "model": "service_development.choiceoption",
  "pk": 29,
  "fields": {
    "parent": 25,
    "_redirect": 84
  }
},
{
  "model": "service_development.choiceoption",
  "pk": 30,
  "fields": {
    "parent": 25,
    "_redirect": 8
  }
},
{
  "model": "service_development.choiceoption",
  "pk": 31,
  "fields": {
    "parent": 25,
    "_redirect": 113
  }
},
{
  "model": "service_development.choiceoption",
  "pk": 33,
  "fields": {
    "parent": 32,
    "_redirect": 89
  }
},
{
  "model": "service_development.choiceoption",
  "pk": 34,
  "fields": {
    "parent": 32,
    "_redirect": 90
  }
},
{
  "model": "service_development.choiceoption",
  "pk": 35,
  "fields": {
    "parent": 32,
    "_redirect": 91
  }
},
{
  "model": "service_development.choiceoption",
  "pk": 36,
  "fields": {
    "parent": 32,
    "_redirect": 92
  }
},
{
  "model": "service_development.choiceoption",
  "pk": 37,
  "fields": {
    "parent": 32,
    "_redirect": 8
  }
},
{
  "model": "service_development.choiceoption",
  "pk": 38,
  "fields": {
    "parent": 32,
    "_redirect": 113
  }
},
{
  "model": "service_development.choiceoption",
  "pk": 40,
  "fields": {
    "parent": 39,
    "_redirect": 97
  }
},
{
  "model": "service_development.choiceoption",
  "pk": 41,
  "fields": {
    "parent": 39,
    "_redirect": 98
  }
},
{
  "model": "service_development.choiceoption",
  "pk": 42,
  "fields": {
    "parent": 39,
    "_redirect": 99
  }
},
{
  "model": "service_development.choiceoption",
  "pk": 43,
  "fields": {
    "parent": 39,
    "_redirect": 100
  }
},
{
  "model": "service_development.choiceoption",
  "pk": 44,
  "fields": {
    "parent": 39,
    "_redirect": 8
  }
},
{
  "model": "service_development.choiceoption",
  "pk": 45,
  "fields": {
    "parent": 39,
    "_redirect": 113
  }
},
{
  "model": "service_development.choiceoption",
  "pk": 47,
  "fields": {
    "parent": 46,
    "_redirect": 101
  }
},
{
  "model": "service_development.choiceoption",
  "pk": 48,
  "fields": {
    "parent": 46,
    "_redirect": 102
  }
},
{
  "model": "service_development.choiceoption",
  "pk": 49,
  "fields": {
    "parent": 46,
    "_redirect": 103
  }
},
{
  "model": "service_development.choiceoption",
  "pk": 50,
  "fields": {
    "parent": 46,
    "_redirect": 104
  }
},
{
  "model": "service_development.choiceoption",
  "pk": 51,
  "fields": {
    "parent": 46,
    "_redirect": 8
  }
},
{
  "model": "service_development.choiceoption",
  "pk": 52,
  "fields": {
    "parent": 46,
    "_redirect": 113
  }
},
{
  "model": "service_development.choiceoption",
  "pk": 54,
  "fields": {
    "parent": 53,
    "_redirect": 85
  }
},
{
  "model": "service_development.choiceoption",
  "pk": 55,
  "fields": {
    "parent": 53,
    "_redirect": 86
  }
},
{
  "model": "service_development.choiceoption",
  "pk": 56,
  "fields": {
    "parent": 53,
    "_redirect": 87
  }
},
{
  "model": "service_development.choiceoption",
  "pk": 57,
  "fields": {
    "parent": 53,
    "_redirect": 88
  }
},
{
  "model": "service_development.choiceoption",
  "pk": 58,
  "fields": {
    "parent": 53,
    "_redirect": 8
  }
},
{
  "model": "service_development.choiceoption",
  "pk": 59,
  "fields": {
    "parent": 53,
    "_redirect": 113
  }
},
{
  "model": "service_development.choiceoption",
  "pk": 61,
  "fields": {
    "parent": 60,
    "_redirect": 109
  }
},
{
  "model": "service_development.choiceoption",
  "pk": 62,
  "fields": {
    "parent": 60,
    "_redirect": 110
  }
},
{
  "model": "service_development.choiceoption",
  "pk": 63,
  "fields": {
    "parent": 60,
    "_redirect": 111
  }
},
{
  "model": "service_development.choiceoption",
  "pk": 64,
  "fields": {
    "parent": 60,
    "_redirect": 112
  }
},
{
  "model": "service_development.choiceoption",
  "pk": 65,
  "fields": {
    "parent": 60,
    "_redirect": 8
  }
},
{
  "model": "service_development.choiceoption",
  "pk": 66,
  "fields": {
    "parent": 60,
    "_redirect": 113
  }
},
{
  "model": "service_development.choiceoption",
  "pk": 68,
  "fields": {
    "parent": 67,
    "_redirect": 93
  }
},
{
  "model": "service_development.choiceoption",
  "pk": 69,
  "fields": {
    "parent": 67,
    "_redirect": 94
  }
},
{
  "model": "service_development.choiceoption",
  "pk": 70,
  "fields": {
    "parent": 67,
    "_redirect": 95
  }
},
{
  "model": "service_development.choiceoption",
  "pk": 71,
  "fields": {
    "parent": 67,
    "_redirect": 96
  }
},
{
  "model": "service_development.choiceoption",
  "pk": 72,
  "fields": {
    "parent": 67,
    "_redirect": 8
  }
},
{
  "model": "service_development.choiceoption",
  "pk": 73,
  "fields": {
    "parent": 67,
    "_redirect": 113
  }
},
{
  "model": "service_development.choiceoption",
  "pk": 75,
  "fields": {
    "parent": 74,
    "_redirect": 105
  }
},
{
  "model": "service_development.choiceoption",
  "pk": 76,
  "fields": {
    "parent": 74,
    "_redirect": 106
  }
},
{
  "model": "service_development.choiceoption",
  "pk": 77,
  "fields": {
    "parent": 74,
    "_redirect": 107
  }
},
{
  "model": "service_development.choiceoption",
  "pk": 78,
  "fields": {
    "parent": 74,
    "_redirect": 108
  }
},
{
  "model": "service_development.choiceoption",
  "pk": 79,
  "fields": {
    "parent": 74,
    "_redirect": 8
  }
},
{
  "model": "service_development.choiceoption",
  "pk": 80,
  "fields": {
    "parent": 74,
    "_redirect": 113
  }
},
{
  "model": "service_development.messagepresentation",
  "pk": 5,
  "fields": {
    "final_element": false,
    "_redirect": 6
  }
},
{
  "model": "service_development.messagepresentation",
  "pk": 6,
  "fields": {
    "final_element": true,
    "_redirect": null
  }
},
{
  "model": "service_development.messagepresentation",
  "pk": 7,
  "fields": {
    "final_element": false,
    "_redirect": 6
  }
},
{
  "model": "service_development.messagepresentation",
  "pk": 81,
  "fields": {
    "final_element": false,
    "_redirect": 25
  }
},
{
  "model": "service_development.messagepresentation",
  "pk": 82,
  "fields": {
    "final_element": false,
    "_redirect": 25
  }
},
{
  "model": "service_development.messagepresentation",
  "pk": 83,
  "fields": {
    "final_element": false,
    "_redirect": 25
  }
},
{
  "model": "service_development.messagepresentation",
  "pk": 84,
  "fields": {
    "final_element": false,
    "_redirect": 25
  }
},
{
  "model": "service_development.messagepresentation",
  "pk": 85,
  "fields": {
    "final_element": false,
    "_redirect": 53
  }
},
{
  "model": "service_development.messagepresentation",
  "pk": 86,
  "fields": {
    "final_element": false,
    "_redirect": 53
  }
},
{
  "model": "service_development.messagepresentation",
  "pk": 87,
  "fields": {
    "final_element": false,
    "_redirect": 53
  }
},
{
  "model": "service_development.messagepresentation",
  "pk": 88,
  "fields": {
    "final_element": false,
    "_redirect": 53
  }
},
{
  "model": "service_development.messagepresentation",
  "pk": 89,
  "fields": {
    "final_element": false,
    "_redirect": 32
  }
},
{
  "model": "service_development.messagepresentation",
  "pk": 90,
  "fields": {
    "final_element": false,
    "_redirect": 32
  }
},
{
  "model": "service_development.messagepresentation",
  "pk": 91,
  "fields": {
    "final_element": false,
    "_redirect": 32
  }
},
{
  "model": "service_development.messagepresentation",
  "pk": 92,
  "fields": {
    "final_element": false,
    "_redirect": 32
  }
},
{
  "model": "service_development.messagepresentation",
  "pk": 93,
  "fields": {
    "final_element": false,
    "_redirect": 67
  }
},
{
  "model": "service_development.messagepresentation",
  "pk": 94,
  "fields": {
    "final_element": false,
    "_redirect": 67
  }
},
{
  "model": "service_development.messagepresentation",
  "pk": 95,
  "fields": {
    "final_element": false,
    "_redirect": 67
  }
},
{
  "model": "service_development.messagepresentation",
  "pk": 96,
  "fields": {
    "final_element": false,
    "_redirect": 67
  }
},
{
  "model": "service_development.messagepresentation",
  "pk": 97,
  "fields": {
    "final_element": false,
    "_redirect": 39
  }
},
{
  "model": "service_development.messagepresentation",
  "pk": 98,
  "fields": {
    "final_element": false,
    "_redirect": 39
  }
},
{
  "model": "service_development.messagepresentation",
  "pk": 99,
  "fields": {
    "final_element": false,
    "_redirect": 39
  }
},
{
  "model": "service_development.messagepresentation",
  "pk": 100,
  "fields": {
    "final_element": false,
    "_redirect": 39
  }
},
{
  "model": "service_development.messagepresentation",
  "pk": 101,
  "fields": {
    "final_element": false,
    "_redirect": 46
  }
},
{
  "model": "service_development.messagepresentation",
  "pk": 102,
  "fields": {
    "final_element": false,
    "_redirect": 46
  }
},
{
  "model": "service_development.messagepresentation",
  "pk": 103,
  "fields": {
    "final_element": false,
    "_redirect": 46
  }
},
{
  "model": "service_development.messagepresentation",
  "pk": 104,
  "fields": {
    "final_element": false,
    "_redirect": 46
  }
},
{
  "model": "service_development.messagepresentation",
  "pk": 105,
  "fields": {
    "final_element": false,
    "_redirect": 74
  }
},
{
  "model": "service_development.messagepresentation",
  "pk": 106,
  "fields": {
    "final_element": false,
    "_redirect": 74
  }
},
{
  "model": "service_development.messagepresentation",
  "pk": 107,
  "fields": {
    "final_element": false,
    "_redirect": 74
  }
},
{
  "model": "service_development.messagepresentation",
  "pk": 108,
  "fields": {
    "final_element": false,
    "_redirect": 74
  }
},
{
  "model": "service_development.messagepresentation",
  "pk": 109,
  "fields": {
    "final_element": false,
    "_redirect": 60
  }
},
{
  "model": "service_development.messagepresentation",
  "pk": 110,
  "fields": {
    "final_element": false,
    "_redirect": 60
  }
},
{
  "model": "service_development.messagepresentation",
  "pk": 111,
  "fields": {
    "final_element": false,
    "_redirect": 60
  }
},
{
  "model": "service_development.messagepresentation",
  "pk": 112,
  "fields": {
    "final_element": false,
    "_redirect": 60
  }
},
{
  "model": "service_development.messagepresentation",
  "pk": 113,
  "fields": {
    "final_element": true,
    "_redirect": null
  }
}
]
